id,income,age_med,child_u5,house_own,unemployed
"3501",78441.11,47.1,15.64,69.65,4.28
"3502",,44.5,15.88,77.11,3.3
"3506",110271.38,39.3,14.84,63.09,4.32
"3507",87584.17,51.1,13.82,77.92,4.3
"3509",92944.18,48.8,16.18,78.07,3.53
"3510",87151.77,42.6,14.97,61.08,5.05
"3511",91482.34,47.7,14.96,79.98,4.42
"3512",80442.21,46.3,15.76,72.14,4.55
"3513",86297.66,56,14.37,81.25,3.26
"3514",,52.2,13.79,80.54,4.92
"3515",83388.11,45.7,15.54,71.34,5.28
"3516",86799.52,50.7,15.34,82.68,5
"3518",118530.59,39.1,14.33,77.74,6.48
"3519",124273.52,41.6,12,80.95,5.08
"3520",91634.32,39.6,14.42,51.5,6.23
"3521",,37.5,13.29,73.8,6.41
"3522",120622.91,39.4,16.06,82.06,5.35
"3523",105479.68,39.9,15.79,71.76,4.44
"3524",,40.1,13.69,77.65,4.84
"3525",92060.23,40.5,14.61,65.02,4.65
"3526",85652,45.4,13.94,72.06,4.98
"3528",94105.6,45.4,15.3,83.15,4.68
"3529",93058.41,40.6,15.01,70.95,4.43
"3530",99820.83,37.6,15.41,64.11,4.93
"3531",90121.83,42.1,17.6,71.73,2.53
"3532",95497.93,40.8,18.05,73.26,3.87
"3534",,42.5,16.23,76.7,4.9
"3536",,45.7,15.57,71.8,4.51
"3537",,41.9,14.13,72.14,5.38
"3538",89761.7,45.8,16.19,73.59,4.58
"3539",87564.57,39.2,15.78,61.24,5.36
"3540",,46.1,17.31,77.4,2.96
"3541",92609.95,46,19.02,80.58,3.28
"3542",83026.12,48.5,16.22,77.6,2.98
"3543",102403.83,42.1,15.02,77.38,5.11
"3544",87610.17,50.8,14.54,81.67,4.83
"3546",78209.2,58.5,13.52,87.69,5.53
"3547",86994.85,45.2,17.41,74.15,4.84
"3548",76320.62,45.8,15.23,65.63,5.16
"3549",75805.47,53.9,14.61,82.7,4.86
"3551",67047.71,50.2,13.95,66.49,6.37
"3552",78450.37,52.2,14.39,83.05,4.7
"3553",88251.35,43.3,14.73,63.99,4.54
"3554",73537.1,46,17.78,74.3,4.43
"3556",82778.15,43.6,15.18,67.69,4.68
"3557",73600.64,49,14.11,70.38,5
"3558",84285,44.7,14.38,70.59,4.4
"3559",85087.34,44.4,15.29,74.19,4.6
"3560",85531.12,36.5,17.22,58.86,6.07
